model,mAP,mAP_50
FCOS,0.065,0.156
YOLOv8s,0.37931,0.54679
